{
 "top_circle": {
  "c": [
   0,
   0
  ],
  "r": 190.21690000999973,
  "z": 50.000000100192175
 },
 "bot_circle": {
  "c": [
   0,
   0
  ],
  "r": 750.0,
  "z": -1450.0000000999735
 },
 "wall_ports": [
  {
   "face": "Xp",
   "wax": 1,
   "wlo": -189.99999999999,
   "whi": 190.00000000001,
   "zlo": -1248.0000000439495,
   "zhi": -868.0000000439495,
   "nrm": 0,
   "ncoord": 1650.00000000005
  },
  {
   "face": "Yp",
   "wax": 0,
   "wlo": -139.9999999999659,
   "whi": 240.0000000000341,
   "zlo": -1248.0000000439218,
   "zhi": -868.0000000439218,
   "nrm": 1,
   "ncoord": 1649.9999999999923
  },
  {
   "face": "Xm",
   "wax": 1,
   "wlo": -139.99999999999397,
   "whi": 240.00000000000603,
   "zlo": -1248.000000043927,
   "zhi": -868.000000043927,
   "nrm": 0,
   "ncoord": -1649.9999999999498
  },
  {
   "face": "Ym",
   "wax": 0,
   "wlo": -189.99999999996396,
   "whi": 190.00000000003604,
   "zlo": -1248.0000000439632,
   "zhi": -868.0000000439632,
   "nrm": 1,
   "ncoord": -1649.99999999999
  }
 ]
}